Hammed,Gibbs,Zambia,01/08/1983
Kais,Poisson,Portugal,09/07/1999
Jane,Riemann,Switzerland,20/11/1986
Winnie,Kolmogorov,Burundi,25/01/1981
Regina,Smirnov,Indonesia,30/04/1992
Moise,Katok,Senegal,26/03/1995
Belize,Zorich,Italy,08/05/2000
Isabelle,Taylor,Great Britain,10/01/1993
Nick,Lagrange,Soudan,17/05/1999
Jane,Abel,Togo,30/05/1992
Selim,Galois,Zambia,17/02/1986
Hammed,Euler,Germany,12/03/1983
Giovanni,Fermat,Soudan,25/09/1985
Moise,Ramanujan,Argentina,02/05/1997
Desire,Amice,Senegal,20/01/1995
Maud,Audin,Chili,06/02/1996
Micahel,Baladi,Soudan,03/03/1981
Marc,Birman,Argentina,10/07/1997
Trust,Bousquet-Melou,Soudan,21/08/1990
Maud,Castelnuovo,Burundi,16/07/1988
Isabelle,Cazenave,Algeria,05/06/1988
Maud,Cohen,Portugal,24/02/1982
Chris,Daubechies,Kenya,02/10/1983
Cerise,Erschler,Indonesia,17/02/1995
Valeria,Esnault,Great Britain,11/02/1981
Marion,Falconer,Kenya,20/02/1994
Belize,Feigenbaum,Italy,03/11/1986
Mohammed,Fischer,Togo,14/05/1999
Caroline,Gallagher,Chili,22/08/1993
Giovanni,Germain,Great Britain,05/01/1992
Giovanni,Grossman,Algeria,15/03/1999
Desire,Gupta,Great Britain,13/02/1997
Regina,Hammenstadt,Zimbabwe,10/10/1988
Clementine,Sinh,Kenya,05/02/1982
Adele,Kahn,Burundi,28/07/1988
Moise,Kallin,Germany,17/03/1999
Rita,Kharlampovich,Togo,10/12/1982
Selim,Kirkman,Soudan,11/12/1993
Desire,Kovalevskaya,Senegal,10/10/1992
Valeria,Kramer,Portugal,14/02/1980
Maud,Krieger,Indonesia,08/03/1999
Montrice,Landau,South Africa,28/12/1981
Montrice,Lie,Togo,26/10/1985
Georges,Lee,Rwanda,02/02/1986
Sheila,Litvinonva,Argentina,06/08/1983
Marceau,Turk,India,20/05/1985
Marion,Katona,Algeria,05/01/1993
John,Gabor,Togo,01/09/1995
Mario,Siromani,Algeria,23/09/1991
Georges,Samrat,South Africa,08/02/1986
Nick,Pishariti,Zimbabwe,06/03/1986
Trust,Khare,Zambia,02/11/1991
Cerise,Sridharan,Spain,28/03/1985
Montrice,Raghunathan,Italy,29/06/1996
Chris,Kosambi ,Ouganda,08/04/1989
Clement,Granville,Great Britain,18/09/1983
Adele,Banyaga,Indonesia,23/03/1995
Marceau,Makeba,India,08/11/1998
Clementine,Clegg,Argentina,07/12/1995
Marion,Chaka Chaka,Rwanda,22/07/1990
Maud,Massi,Kenya,17/11/1980
Mario,Taha,Burundi,01/05/1999
Micahel,Kidjo,Togo,24/07/1997
Marylin,Badarou,Germany,23/05/1999
Mohammed,Mosele,Argentina,04/02/1999
Clea,Balake,Soudan,24/01/1992
Caroline,Nin,Zambia,28/10/1994
Valeria,Semedo,Argentina,24/09/1983
Rita,Blondy,Germany,10/02/1988
Adele,Arafat,Portugal,28/10/1984
Clea,Moutouari,Spain,08/12/1998
Robert,Aga,Burundi,05/05/1992
Adele,Worku,Germany,04/04/1992
Mario,Mergia,Indonesia,26/11/1986
Regina,Alemu,Senegal,26/07/1985
Kais,Bambino,Ouganda,11/12/1983
Clementine,Diawara,Ouganda,11/02/1999
Marceau,Kabaka,Chili,14/01/1995
Montrice,Kimani,Argentina,05/08/1986
Winnie,Biggy,Zimbabwe,29/07/1993
Marylin,Juma,Portugal,12/05/1991
Marion,Kavirondo,India,26/03/1988
Montrice,Owiyo,Chili,28/05/1987
Nick,Traore,Great Britain,22/02/1996
Nick,Bagayogo,Spain,22/07/1992
Kais,Abba,Indonesia,17/09/1985
Maud,Sukuma,Soudan,12/07/1988
Mohammed,Kassey,Senegal,09/10/2000
Clementine,Butera,Algeria,14/04/1982
Sheila,Kunda,Zimbabwe,14/11/1982
Lilli,Maal,India,27/11/1992
Winnie,Halloway,South Africa,10/10/1998
Marceau,Boyoi,Switzerland,26/08/1992
Micahel,Wardi,Zambia,13/02/1994
Mario,Ongala,Portugal,11/03/1985
Jane,Bellow,Soudan,15/07/1997
Isabelle,Mensah,Ouganda,05/12/1991
Mario,Bugembe,France,27/12/1994
Chris,Gombya,Zambia,19/10/2000
Rita,Katatumba,India,04/05/1985
Belize,Kayondo,Ouganda,29/04/1988
Clement,Kut,India,22/05/2000
Trust,Lutalo,India,29/05/1998
Sheila,Mutoni,Italy,30/11/1994
Jane,Namakula,Switzerland,11/08/1985
Adele,Charity,India,21/04/1985
Jane,Zee,Kenya,14/12/2000
Marc,Tigan,Ouganda,12/02/1995
Mohammed,Toniks,Portugal,11/11/1989
Sheila,Karungi,Indonesia,24/07/1985
Clementine,Oryema,Germany,11/09/1985
